{"OutputFileHashSum":"570E99B90538771A9D965747A9635BB555ADAA62B23A3D6A3D3F7F73CAEAE7DE","Converted":true,"OutputModifyDate":"2020-10-10T06:04:15.2821387Z","Metadatas":[{"CategoryName":"VuGen.Replay","Offset":560,"Length":23,"TypeId":1},{"CategoryName":"VuGen.Replay","Offset":2065,"Length":83,"TypeId":2},{"CategoryName":"VuGen.Replay","Offset":3954,"Length":141,"TypeId":2},{"CategoryName":"VuGen.Replay","Offset":5278,"Length":83,"TypeId":2},{"CategoryName":"VuGen.Replay","Offset":6403,"Length":141,"TypeId":2},{"CategoryName":"VuGen.Replay","Offset":6681,"Length":88,"TypeId":2},{"CategoryName":"VuGen.Replay","Offset":7151,"Length":146,"TypeId":2},{"CategoryName":"VuGen.Replay","Offset":7583,"Length":89,"TypeId":2},{"CategoryName":"VuGen.Replay","Offset":8065,"Length":147,"TypeId":2},{"CategoryName":"VuGen.Replay","Offset":9869,"Length":89,"TypeId":2},{"CategoryName":"VuGen.Replay","Offset":10337,"Length":147,"TypeId":2},{"CategoryName":"VuGen.Replay","Offset":10484,"Length":84,"TypeId":2},{"CategoryName":"VuGen.Replay","Offset":11066,"Length":142,"TypeId":2},{"CategoryName":"VuGen.Replay","Offset":11231,"Length":21,"TypeId":1},{"CategoryName":"VuGen.Replay","Offset":11252,"Length":23,"TypeId":1},{"CategoryName":"VuGen.Replay","Offset":12679,"Length":83,"TypeId":2},{"CategoryName":"VuGen.Replay","Offset":14568,"Length":141,"TypeId":2},{"CategoryName":"VuGen.Replay","Offset":15892,"Length":83,"TypeId":2},{"CategoryName":"VuGen.Replay","Offset":17018,"Length":141,"TypeId":2},{"CategoryName":"VuGen.Replay","Offset":17296,"Length":88,"TypeId":2},{"CategoryName":"VuGen.Replay","Offset":17766,"Length":146,"TypeId":2},{"CategoryName":"VuGen.Replay","Offset":18198,"Length":89,"TypeId":2},{"CategoryName":"VuGen.Replay","Offset":18680,"Length":147,"TypeId":2},{"CategoryName":"VuGen.Replay","Offset":20484,"Length":89,"TypeId":2},{"CategoryName":"VuGen.Replay","Offset":20952,"Length":147,"TypeId":2},{"CategoryName":"VuGen.Replay","Offset":21099,"Length":84,"TypeId":2},{"CategoryName":"VuGen.Replay","Offset":21681,"Length":142,"TypeId":2},{"CategoryName":"VuGen.Replay","Offset":21846,"Length":21,"TypeId":1},{"CategoryName":"VuGen.Replay","Offset":21867,"Length":23,"TypeId":1},{"CategoryName":"VuGen.Replay","Offset":23294,"Length":83,"TypeId":2},{"CategoryName":"VuGen.Replay","Offset":25183,"Length":141,"TypeId":2},{"CategoryName":"VuGen.Replay","Offset":26507,"Length":83,"TypeId":2},{"CategoryName":"VuGen.Replay","Offset":27633,"Length":141,"TypeId":2},{"CategoryName":"VuGen.Replay","Offset":27911,"Length":88,"TypeId":2},{"CategoryName":"VuGen.Replay","Offset":28381,"Length":146,"TypeId":2},{"CategoryName":"VuGen.Replay","Offset":28813,"Length":89,"TypeId":2},{"CategoryName":"VuGen.Replay","Offset":29295,"Length":147,"TypeId":2},{"CategoryName":"VuGen.Replay","Offset":31099,"Length":89,"TypeId":2},{"CategoryName":"VuGen.Replay","Offset":31567,"Length":147,"TypeId":2},{"CategoryName":"VuGen.Replay","Offset":31714,"Length":84,"TypeId":2},{"CategoryName":"VuGen.Replay","Offset":32296,"Length":142,"TypeId":2},{"CategoryName":"VuGen.Replay","Offset":32461,"Length":21,"TypeId":1},{"CategoryName":"VuGen.Replay","Offset":32482,"Length":23,"TypeId":1},{"CategoryName":"VuGen.Replay","Offset":33909,"Length":83,"TypeId":2},{"CategoryName":"VuGen.Replay","Offset":35798,"Length":141,"TypeId":2},{"CategoryName":"VuGen.Replay","Offset":37122,"Length":83,"TypeId":2},{"CategoryName":"VuGen.Replay","Offset":38248,"Length":141,"TypeId":2},{"CategoryName":"VuGen.Replay","Offset":38526,"Length":88,"TypeId":2},{"CategoryName":"VuGen.Replay","Offset":38996,"Length":146,"TypeId":2},{"CategoryName":"VuGen.Replay","Offset":39428,"Length":89,"TypeId":2},{"CategoryName":"VuGen.Replay","Offset":39910,"Length":147,"TypeId":2},{"CategoryName":"VuGen.Replay","Offset":41714,"Length":89,"TypeId":2},{"CategoryName":"VuGen.Replay","Offset":42182,"Length":147,"TypeId":2},{"CategoryName":"VuGen.Replay","Offset":42329,"Length":84,"TypeId":2},{"CategoryName":"VuGen.Replay","Offset":42911,"Length":142,"TypeId":2},{"CategoryName":"VuGen.Replay","Offset":43076,"Length":21,"TypeId":1},{"CategoryName":"VuGen.Replay","Offset":43097,"Length":23,"TypeId":1},{"CategoryName":"VuGen.Replay","Offset":44524,"Length":83,"TypeId":2},{"CategoryName":"VuGen.Replay","Offset":46413,"Length":141,"TypeId":2},{"CategoryName":"VuGen.Replay","Offset":47737,"Length":83,"TypeId":2},{"CategoryName":"VuGen.Replay","Offset":48863,"Length":141,"TypeId":2},{"CategoryName":"VuGen.Replay","Offset":49141,"Length":88,"TypeId":2},{"CategoryName":"VuGen.Replay","Offset":49611,"Length":146,"TypeId":2},{"CategoryName":"VuGen.Replay","Offset":50043,"Length":89,"TypeId":2},{"CategoryName":"VuGen.Replay","Offset":50525,"Length":147,"TypeId":2},{"CategoryName":"VuGen.Replay","Offset":52329,"Length":89,"TypeId":2},{"CategoryName":"VuGen.Replay","Offset":52797,"Length":147,"TypeId":2},{"CategoryName":"VuGen.Replay","Offset":52944,"Length":84,"TypeId":2},{"CategoryName":"VuGen.Replay","Offset":53526,"Length":142,"TypeId":2},{"CategoryName":"VuGen.Replay","Offset":53691,"Length":21,"TypeId":1}],"MetadataTypes":[{"CategoryName":"VuGen.Replay","MetadataTypeName":"HP.LR.Vugen.Iteration","Id":1},{"CategoryName":"VuGen.Replay","MetadataTypeName":"HP.LR.Vugen.NotifyTransaction","Id":2},{"CategoryName":"VuGen.Replay","MetadataTypeName":"Utt.Debugger.Error","Id":3},{"CategoryName":"VuGen.Replay","MetadataTypeName":"HP.LR.Vugen.NotifyAny","Id":4},{"CategoryName":"VuGen.Replay","MetadataTypeName":"Utt.Debugger.Warning","Id":5}]}