﻿<DataObject comparison="Ordinal">
  <Section id="">
    <Subsections>
      <Section id="General">
        <Subsections />
        <Entries>
          <Entry key="ElapsedTime">
            <double>20.4397683</double>
          </Entry>
          <Entry key="StartedAt">
            <dateTime>2020-10-10T11:33:55.0539741+05:30</dateTime>
          </Entry>
          <Entry key="EndedAt">
            <dateTime>2020-10-10T11:34:15.4937424+05:30</dateTime>
          </Entry>
          <Entry key="ReplayStatus">
            <LastReplayRunStatus>Passed</LastReplayRunStatus>
          </Entry>
          <Entry key="NumberOfReplayErrors">
            <int>0</int>
          </Entry>
          <Entry key="NumberOfReplayCriticalErrors">
            <int>0</int>
          </Entry>
          <Entry key="NumberOfCompilationErrors">
            <int>0</int>
          </Entry>
        </Entries>
      </Section>
    </Subsections>
    <Entries>
      <Entry key="Iterations">
        <int>5</int>
      </Entry>
    </Entries>
  </Section>
</DataObject>