<?xml version="1.0" encoding="utf-8"?>
<VugenScriptMetadata>
  <ScriptName>LibraryLogin_SC05_AddView</ScriptName>
  <Protocol>Web - HTTP/HTML</Protocol>
  <ActionFiles>
    <FileEntry Name="vuser_init.c" Filter="2" />
    <FileEntry Name="Action.c" Filter="2" />
    <FileEntry Name="vuser_end.c" Filter="2" />
  </ActionFiles>
  <GeneralFiles>
    <FileEntry Name="LibraryLogin_SC05_AddView.usr" Filter="4" />
    <FileEntry Name="default.cfg" Filter="4" />
    <FileEntry Name="default.usp" Filter="4" />
    <FileEntry Name="LibraryLogin_SC05_AddView.prm" Filter="2" />
    <FileEntry Name="globals.h" Filter="2" />
    <FileEntry Name="p_loginid.dat" Filter="2" />
    <FileEntry Name="p_addname.dat" Filter="2" />
    <FileEntry Name="p_publisher.dat" Filter="2" />
    <FileEntry Name="p_author.dat" Filter="2" />
    <FileEntry Name="p_password.dat" Filter="2" />
    <FileEntry Name="p_url.dat" Filter="2" />
    <FileEntry Name="combined_LibraryLogin_SC05_AddView.c" Filter="2" />
    <FileEntry Name="pre_cci.c" Filter="2" />
    <FileEntry Name="106147977440.idx" Filter="1" />
    <FileEntry Name="135038020440.idx" Filter="1" />
    <FileEntry Name="169322292440.idx" Filter="1" />
    <FileEntry Name="202728974440.idx" Filter="1" />
    <FileEntry Name="242527248440.idx" Filter="1" />
    <FileEntry Name="25917970440.idx" Filter="1" />
    <FileEntry Name="Bookmarks.xml" Filter="1" />
    <FileEntry Name="Breakpoints.xml" Filter="1" />
    <FileEntry Name="CompilerLogMetadata.xml" Filter="1" />
    <FileEntry Name="custom_body_variables.txt" Filter="1" />
    <FileEntry Name="LibraryLogin_SC05_AddView.c.pickle" Filter="1" />
    <FileEntry Name="LibraryLogin_SC05_AddView.ci" Filter="1" />
    <FileEntry Name="logfile.log" Filter="1" />
    <FileEntry Name="lrw_custom_body.h" Filter="1" />
    <FileEntry Name="mdrv.log" Filter="1" />
    <FileEntry Name="mdrv_cmd.txt" Filter="1" />
    <FileEntry Name="options.txt" Filter="1" />
    <FileEntry Name="output.bak" Filter="1" />
    <FileEntry Name="output.txt" Filter="1" />
    <FileEntry Name="OutputColoringDatabase.json" Filter="1" />
    <FileEntry Name="p_callno.dat" Filter="1" />
    <FileEntry Name="ReplaySummaryReport.xml" Filter="1" />
    <FileEntry Name="ScriptUploadMetadata.xml" Filter="1" />
    <FileEntry Name="ThumbnailsCache.tmp" Filter="1" />
    <FileEntry Name="TransactionsData.db" Filter="1" />
    <FileEntry Name="UserTasks.xml" Filter="1" />
    <FileEntry Name="data\" Filter="1" />
    <FileEntry Name="result1\" Filter="1" />
  </GeneralFiles>
</VugenScriptMetadata>