{"OutputFileHashSum":"B6F54C782C3B5913D4B144168F8D4C93C62CB22D684D0D4BFECB446C7F0B8311","Converted":true,"OutputModifyDate":"2020-10-10T05:03:29.7347498Z","Metadatas":[{"CategoryName":"VuGen.Replay","Offset":561,"Length":23,"TypeId":1},{"CategoryName":"VuGen.Replay","Offset":1923,"Length":79,"TypeId":2},{"CategoryName":"VuGen.Replay","Offset":2069,"Length":105,"TypeId":3},{"CategoryName":"VuGen.Replay","Offset":2273,"Length":57,"TypeId":4},{"CategoryName":"VuGen.Replay","Offset":4907,"Length":77,"TypeId":3},{"CategoryName":"VuGen.Replay","Offset":5048,"Length":138,"TypeId":2},{"CategoryName":"VuGen.Replay","Offset":6369,"Length":79,"TypeId":2},{"CategoryName":"VuGen.Replay","Offset":6524,"Length":90,"TypeId":3},{"CategoryName":"VuGen.Replay","Offset":6614,"Length":85,"TypeId":3},{"CategoryName":"VuGen.Replay","Offset":6798,"Length":58,"TypeId":4},{"CategoryName":"VuGen.Replay","Offset":7627,"Length":77,"TypeId":3},{"CategoryName":"VuGen.Replay","Offset":7767,"Length":138,"TypeId":2},{"CategoryName":"VuGen.Replay","Offset":7905,"Length":80,"TypeId":2},{"CategoryName":"VuGen.Replay","Offset":8479,"Length":138,"TypeId":2},{"CategoryName":"VuGen.Replay","Offset":8640,"Length":21,"TypeId":1},{"CategoryName":"VuGen.Replay","Offset":8661,"Length":23,"TypeId":1},{"CategoryName":"VuGen.Replay","Offset":8684,"Length":60,"TypeId":5},{"CategoryName":"VuGen.Replay","Offset":8744,"Length":94,"TypeId":5},{"CategoryName":"VuGen.Replay","Offset":8838,"Length":70,"TypeId":5},{"CategoryName":"VuGen.Replay","Offset":8908,"Length":104,"TypeId":5},{"CategoryName":"VuGen.Replay","Offset":9012,"Length":70,"TypeId":5},{"CategoryName":"VuGen.Replay","Offset":9082,"Length":104,"TypeId":5},{"CategoryName":"VuGen.Replay","Offset":10447,"Length":79,"TypeId":2},{"CategoryName":"VuGen.Replay","Offset":10593,"Length":105,"TypeId":3},{"CategoryName":"VuGen.Replay","Offset":10797,"Length":57,"TypeId":4},{"CategoryName":"VuGen.Replay","Offset":13431,"Length":77,"TypeId":3},{"CategoryName":"VuGen.Replay","Offset":13572,"Length":138,"TypeId":2},{"CategoryName":"VuGen.Replay","Offset":14893,"Length":79,"TypeId":2},{"CategoryName":"VuGen.Replay","Offset":15048,"Length":90,"TypeId":3},{"CategoryName":"VuGen.Replay","Offset":15138,"Length":85,"TypeId":3},{"CategoryName":"VuGen.Replay","Offset":15322,"Length":58,"TypeId":4},{"CategoryName":"VuGen.Replay","Offset":16151,"Length":77,"TypeId":3},{"CategoryName":"VuGen.Replay","Offset":16291,"Length":138,"TypeId":2},{"CategoryName":"VuGen.Replay","Offset":16429,"Length":80,"TypeId":2},{"CategoryName":"VuGen.Replay","Offset":17003,"Length":138,"TypeId":2},{"CategoryName":"VuGen.Replay","Offset":17164,"Length":21,"TypeId":1},{"CategoryName":"VuGen.Replay","Offset":17185,"Length":23,"TypeId":1},{"CategoryName":"VuGen.Replay","Offset":17208,"Length":60,"TypeId":5},{"CategoryName":"VuGen.Replay","Offset":17268,"Length":94,"TypeId":5},{"CategoryName":"VuGen.Replay","Offset":17362,"Length":70,"TypeId":5},{"CategoryName":"VuGen.Replay","Offset":17432,"Length":104,"TypeId":5},{"CategoryName":"VuGen.Replay","Offset":17536,"Length":70,"TypeId":5},{"CategoryName":"VuGen.Replay","Offset":17606,"Length":104,"TypeId":5},{"CategoryName":"VuGen.Replay","Offset":18971,"Length":79,"TypeId":2},{"CategoryName":"VuGen.Replay","Offset":19117,"Length":105,"TypeId":3},{"CategoryName":"VuGen.Replay","Offset":19321,"Length":57,"TypeId":4},{"CategoryName":"VuGen.Replay","Offset":21955,"Length":77,"TypeId":3},{"CategoryName":"VuGen.Replay","Offset":22096,"Length":138,"TypeId":2},{"CategoryName":"VuGen.Replay","Offset":23417,"Length":79,"TypeId":2},{"CategoryName":"VuGen.Replay","Offset":23572,"Length":90,"TypeId":3},{"CategoryName":"VuGen.Replay","Offset":23662,"Length":85,"TypeId":3},{"CategoryName":"VuGen.Replay","Offset":23846,"Length":58,"TypeId":4},{"CategoryName":"VuGen.Replay","Offset":24675,"Length":77,"TypeId":3},{"CategoryName":"VuGen.Replay","Offset":24815,"Length":138,"TypeId":2},{"CategoryName":"VuGen.Replay","Offset":24953,"Length":80,"TypeId":2},{"CategoryName":"VuGen.Replay","Offset":25527,"Length":138,"TypeId":2},{"CategoryName":"VuGen.Replay","Offset":25688,"Length":21,"TypeId":1},{"CategoryName":"VuGen.Replay","Offset":25709,"Length":23,"TypeId":1},{"CategoryName":"VuGen.Replay","Offset":25732,"Length":60,"TypeId":5},{"CategoryName":"VuGen.Replay","Offset":25792,"Length":94,"TypeId":5},{"CategoryName":"VuGen.Replay","Offset":25886,"Length":70,"TypeId":5},{"CategoryName":"VuGen.Replay","Offset":25956,"Length":104,"TypeId":5},{"CategoryName":"VuGen.Replay","Offset":26060,"Length":70,"TypeId":5},{"CategoryName":"VuGen.Replay","Offset":26130,"Length":104,"TypeId":5},{"CategoryName":"VuGen.Replay","Offset":27495,"Length":79,"TypeId":2},{"CategoryName":"VuGen.Replay","Offset":27641,"Length":105,"TypeId":3},{"CategoryName":"VuGen.Replay","Offset":27845,"Length":57,"TypeId":4},{"CategoryName":"VuGen.Replay","Offset":30479,"Length":77,"TypeId":3},{"CategoryName":"VuGen.Replay","Offset":30620,"Length":138,"TypeId":2},{"CategoryName":"VuGen.Replay","Offset":31941,"Length":79,"TypeId":2},{"CategoryName":"VuGen.Replay","Offset":32096,"Length":90,"TypeId":3},{"CategoryName":"VuGen.Replay","Offset":32186,"Length":85,"TypeId":3},{"CategoryName":"VuGen.Replay","Offset":32370,"Length":58,"TypeId":4},{"CategoryName":"VuGen.Replay","Offset":33199,"Length":77,"TypeId":3},{"CategoryName":"VuGen.Replay","Offset":33339,"Length":138,"TypeId":2},{"CategoryName":"VuGen.Replay","Offset":33477,"Length":80,"TypeId":2},{"CategoryName":"VuGen.Replay","Offset":34052,"Length":138,"TypeId":2},{"CategoryName":"VuGen.Replay","Offset":34213,"Length":21,"TypeId":1},{"CategoryName":"VuGen.Replay","Offset":34234,"Length":23,"TypeId":1},{"CategoryName":"VuGen.Replay","Offset":34257,"Length":60,"TypeId":5},{"CategoryName":"VuGen.Replay","Offset":34317,"Length":94,"TypeId":5},{"CategoryName":"VuGen.Replay","Offset":34411,"Length":70,"TypeId":5},{"CategoryName":"VuGen.Replay","Offset":34481,"Length":104,"TypeId":5},{"CategoryName":"VuGen.Replay","Offset":34585,"Length":70,"TypeId":5},{"CategoryName":"VuGen.Replay","Offset":34655,"Length":104,"TypeId":5},{"CategoryName":"VuGen.Replay","Offset":36020,"Length":79,"TypeId":2},{"CategoryName":"VuGen.Replay","Offset":36166,"Length":105,"TypeId":3},{"CategoryName":"VuGen.Replay","Offset":36370,"Length":57,"TypeId":4},{"CategoryName":"VuGen.Replay","Offset":39004,"Length":77,"TypeId":3},{"CategoryName":"VuGen.Replay","Offset":39145,"Length":138,"TypeId":2},{"CategoryName":"VuGen.Replay","Offset":40466,"Length":79,"TypeId":2},{"CategoryName":"VuGen.Replay","Offset":40621,"Length":90,"TypeId":3},{"CategoryName":"VuGen.Replay","Offset":40711,"Length":85,"TypeId":3},{"CategoryName":"VuGen.Replay","Offset":40895,"Length":58,"TypeId":4},{"CategoryName":"VuGen.Replay","Offset":41725,"Length":77,"TypeId":3},{"CategoryName":"VuGen.Replay","Offset":41865,"Length":138,"TypeId":2},{"CategoryName":"VuGen.Replay","Offset":42003,"Length":80,"TypeId":2},{"CategoryName":"VuGen.Replay","Offset":42578,"Length":138,"TypeId":2},{"CategoryName":"VuGen.Replay","Offset":42739,"Length":21,"TypeId":1}],"MetadataTypes":[{"CategoryName":"VuGen.Replay","MetadataTypeName":"HP.LR.Vugen.Iteration","Id":1},{"CategoryName":"VuGen.Replay","MetadataTypeName":"HP.LR.Vugen.NotifyTransaction","Id":2},{"CategoryName":"VuGen.Replay","MetadataTypeName":"HP.LR.Vugen.NotifyParameterSubstitution","Id":3},{"CategoryName":"VuGen.Replay","MetadataTypeName":"HP.LR.Vugen.NotifySavingParameter","Id":4},{"CategoryName":"VuGen.Replay","MetadataTypeName":"HP.LR.Vugen.NotifyAny","Id":5}]}