{"OutputFileHashSum":"B4807421EC9014D9B16F90E7324B09E66586FB2BF77FD59A778587983779BC91","Converted":true,"OutputModifyDate":"2020-10-10T05:27:42.2360157Z","Metadatas":[{"CategoryName":"VuGen.Replay","Offset":562,"Length":23,"TypeId":1},{"CategoryName":"VuGen.Replay","Offset":2067,"Length":85,"TypeId":4},{"CategoryName":"VuGen.Replay","Offset":2219,"Length":94,"TypeId":2},{"CategoryName":"VuGen.Replay","Offset":8997,"Length":57,"TypeId":5},{"CategoryName":"VuGen.Replay","Offset":9892,"Length":94,"TypeId":2},{"CategoryName":"VuGen.Replay","Offset":9986,"Length":94,"TypeId":2},{"CategoryName":"VuGen.Replay","Offset":10732,"Length":94,"TypeId":2},{"CategoryName":"VuGen.Replay","Offset":10826,"Length":94,"TypeId":2},{"CategoryName":"VuGen.Replay","Offset":11571,"Length":94,"TypeId":2},{"CategoryName":"VuGen.Replay","Offset":11665,"Length":94,"TypeId":2},{"CategoryName":"VuGen.Replay","Offset":334026,"Length":77,"TypeId":2},{"CategoryName":"VuGen.Replay","Offset":334173,"Length":144,"TypeId":4},{"CategoryName":"VuGen.Replay","Offset":335500,"Length":85,"TypeId":4},{"CategoryName":"VuGen.Replay","Offset":335661,"Length":95,"TypeId":2},{"CategoryName":"VuGen.Replay","Offset":335756,"Length":95,"TypeId":2},{"CategoryName":"VuGen.Replay","Offset":335851,"Length":90,"TypeId":2},{"CategoryName":"VuGen.Replay","Offset":335941,"Length":85,"TypeId":2},{"CategoryName":"VuGen.Replay","Offset":342886,"Length":58,"TypeId":5},{"CategoryName":"VuGen.Replay","Offset":343299,"Length":95,"TypeId":2},{"CategoryName":"VuGen.Replay","Offset":343394,"Length":95,"TypeId":2},{"CategoryName":"VuGen.Replay","Offset":343644,"Length":95,"TypeId":2},{"CategoryName":"VuGen.Replay","Offset":343739,"Length":95,"TypeId":2},{"CategoryName":"VuGen.Replay","Offset":429497,"Length":77,"TypeId":2},{"CategoryName":"VuGen.Replay","Offset":429643,"Length":144,"TypeId":4},{"CategoryName":"VuGen.Replay","Offset":429924,"Length":90,"TypeId":4},{"CategoryName":"VuGen.Replay","Offset":430086,"Length":95,"TypeId":2},{"CategoryName":"VuGen.Replay","Offset":430181,"Length":95,"TypeId":2},{"CategoryName":"VuGen.Replay","Offset":440574,"Length":58,"TypeId":5},{"CategoryName":"VuGen.Replay","Offset":440775,"Length":77,"TypeId":2},{"CategoryName":"VuGen.Replay","Offset":440926,"Length":148,"TypeId":4},{"CategoryName":"VuGen.Replay","Offset":441211,"Length":87,"TypeId":4},{"CategoryName":"VuGen.Replay","Offset":441360,"Length":95,"TypeId":2},{"CategoryName":"VuGen.Replay","Offset":441455,"Length":73,"TypeId":6},{"CategoryName":"VuGen.Replay","Offset":441528,"Length":73,"TypeId":2},{"CategoryName":"VuGen.Replay","Offset":441601,"Length":95,"TypeId":2},{"CategoryName":"VuGen.Replay","Offset":448025,"Length":58,"TypeId":5},{"CategoryName":"VuGen.Replay","Offset":448215,"Length":77,"TypeId":2},{"CategoryName":"VuGen.Replay","Offset":448363,"Length":145,"TypeId":4},{"CategoryName":"VuGen.Replay","Offset":450839,"Length":89,"TypeId":4},{"CategoryName":"VuGen.Replay","Offset":451007,"Length":95,"TypeId":2},{"CategoryName":"VuGen.Replay","Offset":451102,"Length":95,"TypeId":2},{"CategoryName":"VuGen.Replay","Offset":451197,"Length":73,"TypeId":6},{"CategoryName":"VuGen.Replay","Offset":451270,"Length":73,"TypeId":2},{"CategoryName":"VuGen.Replay","Offset":451343,"Length":73,"TypeId":6},{"CategoryName":"VuGen.Replay","Offset":451416,"Length":73,"TypeId":2},{"CategoryName":"VuGen.Replay","Offset":451489,"Length":79,"TypeId":2},{"CategoryName":"VuGen.Replay","Offset":451568,"Length":92,"TypeId":2},{"CategoryName":"VuGen.Replay","Offset":451660,"Length":76,"TypeId":2},{"CategoryName":"VuGen.Replay","Offset":451736,"Length":81,"TypeId":6},{"CategoryName":"VuGen.Replay","Offset":451817,"Length":80,"TypeId":2},{"CategoryName":"VuGen.Replay","Offset":451897,"Length":73,"TypeId":2},{"CategoryName":"VuGen.Replay","Offset":464188,"Length":58,"TypeId":5},{"CategoryName":"VuGen.Replay","Offset":464396,"Length":77,"TypeId":2},{"CategoryName":"VuGen.Replay","Offset":464546,"Length":147,"TypeId":4},{"CategoryName":"VuGen.Replay","Offset":464693,"Length":86,"TypeId":4},{"CategoryName":"VuGen.Replay","Offset":464843,"Length":95,"TypeId":2},{"CategoryName":"VuGen.Replay","Offset":464938,"Length":95,"TypeId":2},{"CategoryName":"VuGen.Replay","Offset":471692,"Length":144,"TypeId":4},{"CategoryName":"VuGen.Replay","Offset":471859,"Length":21,"TypeId":1}],"MetadataTypes":[{"CategoryName":"VuGen.Replay","MetadataTypeName":"HP.LR.Vugen.Iteration","Id":1},{"CategoryName":"VuGen.Replay","MetadataTypeName":"HP.LR.Vugen.NotifyParameterSubstitution","Id":2},{"CategoryName":"VuGen.Replay","MetadataTypeName":"Utt.Debugger.Error","Id":3},{"CategoryName":"VuGen.Replay","MetadataTypeName":"HP.LR.Vugen.NotifyTransaction","Id":4},{"CategoryName":"VuGen.Replay","MetadataTypeName":"HP.LR.Vugen.NotifySavingParameter","Id":5},{"CategoryName":"VuGen.Replay","MetadataTypeName":"HP.LR.Vugen.NotifyAny","Id":6}]}