<?xml version="1.0" encoding="utf-8"?>
<VugenScriptMetadata>
  <ScriptName>Elibrary_SC04_EditLibrarian</ScriptName>
  <Protocol>Web - HTTP/HTML</Protocol>
  <ActionFiles>
    <FileEntry Name="vuser_init.c" Filter="2" />
    <FileEntry Name="Action.c" Filter="2" />
    <FileEntry Name="vuser_end.c" Filter="2" />
  </ActionFiles>
  <GeneralFiles>
    <FileEntry Name="Elibrary_SC04_EditLibrarian.usr" Filter="4" />
    <FileEntry Name="default.cfg" Filter="4" />
    <FileEntry Name="default.usp" Filter="4" />
    <FileEntry Name="Elibrary_SC04_EditLibrarian.prm" Filter="2" />
    <FileEntry Name="globals.h" Filter="2" />
    <FileEntry Name="P_PWD.dat" Filter="2" />
    <FileEntry Name="P_MOBPWD.dat" Filter="2" />
    <FileEntry Name="p_id.dat" Filter="2" />
    <FileEntry Name="P_NAME.dat" Filter="2" />
    <FileEntry Name="p_url.dat" Filter="2" />
    <FileEntry Name="p_password.dat" Filter="2" />
    <FileEntry Name="P_EMAILID.dat" Filter="2" />
    <FileEntry Name="p_username.dat" Filter="2" />
    <FileEntry Name="combined_Elibrary_SC04_EditLibrarian.c" Filter="2" />
    <FileEntry Name="pre_cci.c" Filter="2" />
    <FileEntry Name="110030172440.idx" Filter="1" />
    <FileEntry Name="12119770440.idx" Filter="1" />
    <FileEntry Name="1211977044_1Gs.608.idx" Filter="1" />
    <FileEntry Name="1211977044_lYo.510.idx" Filter="1" />
    <FileEntry Name="1211977044_oZf.716.idx" Filter="1" />
    <FileEntry Name="1211977044_t27.352.idx" Filter="1" />
    <FileEntry Name="1211977044_UN7.660.idx" Filter="1" />
    <FileEntry Name="14455933440.idx" Filter="1" />
    <FileEntry Name="146466658440.idx" Filter="1" />
    <FileEntry Name="170194529440.idx" Filter="1" />
    <FileEntry Name="202301734440.idx" Filter="1" />
    <FileEntry Name="20230173444_ezZ.353.idx" Filter="1" />
    <FileEntry Name="20230173444_fnK.661.idx" Filter="1" />
    <FileEntry Name="20230173444_pgU.717.idx" Filter="1" />
    <FileEntry Name="20230173444_PJ1.511.idx" Filter="1" />
    <FileEntry Name="20230173444_wQY.609.idx" Filter="1" />
    <FileEntry Name="205769476440.idx" Filter="1" />
    <FileEntry Name="59741854440.idx" Filter="1" />
    <FileEntry Name="5974185444_6L8.715.idx" Filter="1" />
    <FileEntry Name="5974185444_S6o.351.idx" Filter="1" />
    <FileEntry Name="5974185444_Tss.607.idx" Filter="1" />
    <FileEntry Name="5974185444_Za9.659.idx" Filter="1" />
    <FileEntry Name="5974185444_zcU.509.idx" Filter="1" />
    <FileEntry Name="7370755440.idx" Filter="1" />
    <FileEntry Name="Bookmarks.xml" Filter="1" />
    <FileEntry Name="Breakpoints.xml" Filter="1" />
    <FileEntry Name="CompilerLogMetadata.xml" Filter="1" />
    <FileEntry Name="custom_body_variables.txt" Filter="1" />
    <FileEntry Name="Elibrary_SC04_EditLibrarian.c.pickle" Filter="1" />
    <FileEntry Name="Elibrary_SC04_EditLibrarian.ci" Filter="1" />
    <FileEntry Name="Elibrary_SC04_EditLibrarian.prm.bak" Filter="1" />
    <FileEntry Name="logfile.log" Filter="1" />
    <FileEntry Name="lrw_custom_body.h" Filter="1" />
    <FileEntry Name="mdrv.log" Filter="1" />
    <FileEntry Name="mdrv_cmd.txt" Filter="1" />
    <FileEntry Name="options.txt" Filter="1" />
    <FileEntry Name="output.bak" Filter="1" />
    <FileEntry Name="output.txt" Filter="1" />
    <FileEntry Name="OutputColoringDatabase.json" Filter="1" />
    <FileEntry Name="ReplaySummaryReport.xml" Filter="1" />
    <FileEntry Name="ScriptUploadMetadata.xml" Filter="1" />
    <FileEntry Name="ThumbnailsCache.tmp" Filter="1" />
    <FileEntry Name="TransactionsData.db" Filter="1" />
    <FileEntry Name="UserTasks.xml" Filter="1" />
    <FileEntry Name="data\" Filter="1" />
    <FileEntry Name="result1\" Filter="1" />
  </GeneralFiles>
</VugenScriptMetadata>