{"OutputFileHashSum":"7C501D22A1B80BB861853CEA24F8408B517D60BFC3E0E18366E66192F619FE27","Converted":true,"OutputModifyDate":"2020-10-10T05:03:36.7220093Z","Metadatas":[{"CategoryName":"VuGen.Replay","Offset":562,"Length":23,"TypeId":1},{"CategoryName":"VuGen.Replay","Offset":1924,"Length":85,"TypeId":3},{"CategoryName":"VuGen.Replay","Offset":2076,"Length":94,"TypeId":2},{"CategoryName":"VuGen.Replay","Offset":8854,"Length":57,"TypeId":5},{"CategoryName":"VuGen.Replay","Offset":9713,"Length":94,"TypeId":2},{"CategoryName":"VuGen.Replay","Offset":9807,"Length":94,"TypeId":2},{"CategoryName":"VuGen.Replay","Offset":10390,"Length":94,"TypeId":2},{"CategoryName":"VuGen.Replay","Offset":10484,"Length":94,"TypeId":2},{"CategoryName":"VuGen.Replay","Offset":11066,"Length":94,"TypeId":2},{"CategoryName":"VuGen.Replay","Offset":11160,"Length":94,"TypeId":2},{"CategoryName":"VuGen.Replay","Offset":336471,"Length":77,"TypeId":2},{"CategoryName":"VuGen.Replay","Offset":336618,"Length":144,"TypeId":3},{"CategoryName":"VuGen.Replay","Offset":337553,"Length":85,"TypeId":3},{"CategoryName":"VuGen.Replay","Offset":337714,"Length":95,"TypeId":2},{"CategoryName":"VuGen.Replay","Offset":337809,"Length":95,"TypeId":2},{"CategoryName":"VuGen.Replay","Offset":337904,"Length":90,"TypeId":2},{"CategoryName":"VuGen.Replay","Offset":337994,"Length":85,"TypeId":2},{"CategoryName":"VuGen.Replay","Offset":344791,"Length":58,"TypeId":5},{"CategoryName":"VuGen.Replay","Offset":345533,"Length":95,"TypeId":2},{"CategoryName":"VuGen.Replay","Offset":345628,"Length":95,"TypeId":2},{"CategoryName":"VuGen.Replay","Offset":346208,"Length":95,"TypeId":2},{"CategoryName":"VuGen.Replay","Offset":346303,"Length":95,"TypeId":2},{"CategoryName":"VuGen.Replay","Offset":432061,"Length":77,"TypeId":2},{"CategoryName":"VuGen.Replay","Offset":432207,"Length":144,"TypeId":3},{"CategoryName":"VuGen.Replay","Offset":432818,"Length":86,"TypeId":3},{"CategoryName":"VuGen.Replay","Offset":432975,"Length":95,"TypeId":2},{"CategoryName":"VuGen.Replay","Offset":433070,"Length":95,"TypeId":2},{"CategoryName":"VuGen.Replay","Offset":439601,"Length":58,"TypeId":5},{"CategoryName":"VuGen.Replay","Offset":439800,"Length":77,"TypeId":2},{"CategoryName":"VuGen.Replay","Offset":439947,"Length":144,"TypeId":3},{"CategoryName":"VuGen.Replay","Offset":442211,"Length":89,"TypeId":3},{"CategoryName":"VuGen.Replay","Offset":442378,"Length":95,"TypeId":2},{"CategoryName":"VuGen.Replay","Offset":442473,"Length":95,"TypeId":2},{"CategoryName":"VuGen.Replay","Offset":442568,"Length":85,"TypeId":2},{"CategoryName":"VuGen.Replay","Offset":442653,"Length":83,"TypeId":6},{"CategoryName":"VuGen.Replay","Offset":442736,"Length":94,"TypeId":2},{"CategoryName":"VuGen.Replay","Offset":442830,"Length":84,"TypeId":2},{"CategoryName":"VuGen.Replay","Offset":442914,"Length":82,"TypeId":2},{"CategoryName":"VuGen.Replay","Offset":449446,"Length":58,"TypeId":5},{"CategoryName":"VuGen.Replay","Offset":449652,"Length":77,"TypeId":2},{"CategoryName":"VuGen.Replay","Offset":449802,"Length":147,"TypeId":3},{"CategoryName":"VuGen.Replay","Offset":450364,"Length":85,"TypeId":2},{"CategoryName":"VuGen.Replay","Offset":450670,"Length":87,"TypeId":3},{"CategoryName":"VuGen.Replay","Offset":450829,"Length":95,"TypeId":2},{"CategoryName":"VuGen.Replay","Offset":450924,"Length":95,"TypeId":2},{"CategoryName":"VuGen.Replay","Offset":459854,"Length":54,"TypeId":5},{"CategoryName":"VuGen.Replay","Offset":460007,"Length":58,"TypeId":5},{"CategoryName":"VuGen.Replay","Offset":460207,"Length":77,"TypeId":2},{"CategoryName":"VuGen.Replay","Offset":460355,"Length":145,"TypeId":3},{"CategoryName":"VuGen.Replay","Offset":460637,"Length":89,"TypeId":3},{"CategoryName":"VuGen.Replay","Offset":460790,"Length":95,"TypeId":2},{"CategoryName":"VuGen.Replay","Offset":460885,"Length":73,"TypeId":2},{"CategoryName":"VuGen.Replay","Offset":460958,"Length":95,"TypeId":2},{"CategoryName":"VuGen.Replay","Offset":471504,"Length":58,"TypeId":5},{"CategoryName":"VuGen.Replay","Offset":471696,"Length":77,"TypeId":2},{"CategoryName":"VuGen.Replay","Offset":471846,"Length":147,"TypeId":3},{"CategoryName":"VuGen.Replay","Offset":471993,"Length":86,"TypeId":3},{"CategoryName":"VuGen.Replay","Offset":472143,"Length":95,"TypeId":2},{"CategoryName":"VuGen.Replay","Offset":472238,"Length":95,"TypeId":2},{"CategoryName":"VuGen.Replay","Offset":478842,"Length":144,"TypeId":3},{"CategoryName":"VuGen.Replay","Offset":479009,"Length":21,"TypeId":1},{"CategoryName":"VuGen.Replay","Offset":479030,"Length":23,"TypeId":1},{"CategoryName":"VuGen.Replay","Offset":479053,"Length":60,"TypeId":6},{"CategoryName":"VuGen.Replay","Offset":479113,"Length":94,"TypeId":6},{"CategoryName":"VuGen.Replay","Offset":479207,"Length":62,"TypeId":6},{"CategoryName":"VuGen.Replay","Offset":479269,"Length":96,"TypeId":6},{"CategoryName":"VuGen.Replay","Offset":479365,"Length":70,"TypeId":6},{"CategoryName":"VuGen.Replay","Offset":479435,"Length":104,"TypeId":6},{"CategoryName":"VuGen.Replay","Offset":479539,"Length":72,"TypeId":6},{"CategoryName":"VuGen.Replay","Offset":479611,"Length":106,"TypeId":6},{"CategoryName":"VuGen.Replay","Offset":479717,"Length":72,"TypeId":6},{"CategoryName":"VuGen.Replay","Offset":479789,"Length":106,"TypeId":6},{"CategoryName":"VuGen.Replay","Offset":479895,"Length":70,"TypeId":6},{"CategoryName":"VuGen.Replay","Offset":479965,"Length":104,"TypeId":6},{"CategoryName":"VuGen.Replay","Offset":480069,"Length":68,"TypeId":6},{"CategoryName":"VuGen.Replay","Offset":480137,"Length":102,"TypeId":6},{"CategoryName":"VuGen.Replay","Offset":481500,"Length":85,"TypeId":3},{"CategoryName":"VuGen.Replay","Offset":481652,"Length":94,"TypeId":2},{"CategoryName":"VuGen.Replay","Offset":488444,"Length":57,"TypeId":5},{"CategoryName":"VuGen.Replay","Offset":489303,"Length":94,"TypeId":2},{"CategoryName":"VuGen.Replay","Offset":489397,"Length":94,"TypeId":2},{"CategoryName":"VuGen.Replay","Offset":489980,"Length":94,"TypeId":2},{"CategoryName":"VuGen.Replay","Offset":490074,"Length":94,"TypeId":2},{"CategoryName":"VuGen.Replay","Offset":490656,"Length":94,"TypeId":2},{"CategoryName":"VuGen.Replay","Offset":490750,"Length":94,"TypeId":2},{"CategoryName":"VuGen.Replay","Offset":816155,"Length":77,"TypeId":2},{"CategoryName":"VuGen.Replay","Offset":816302,"Length":144,"TypeId":3},{"CategoryName":"VuGen.Replay","Offset":817237,"Length":85,"TypeId":3},{"CategoryName":"VuGen.Replay","Offset":817398,"Length":95,"TypeId":2},{"CategoryName":"VuGen.Replay","Offset":817493,"Length":95,"TypeId":2},{"CategoryName":"VuGen.Replay","Offset":817588,"Length":90,"TypeId":2},{"CategoryName":"VuGen.Replay","Offset":817678,"Length":85,"TypeId":2},{"CategoryName":"VuGen.Replay","Offset":824489,"Length":58,"TypeId":5},{"CategoryName":"VuGen.Replay","Offset":825231,"Length":95,"TypeId":2},{"CategoryName":"VuGen.Replay","Offset":825326,"Length":95,"TypeId":2},{"CategoryName":"VuGen.Replay","Offset":825906,"Length":95,"TypeId":2},{"CategoryName":"VuGen.Replay","Offset":826001,"Length":95,"TypeId":2},{"CategoryName":"VuGen.Replay","Offset":912316,"Length":77,"TypeId":2},{"CategoryName":"VuGen.Replay","Offset":912462,"Length":144,"TypeId":3},{"CategoryName":"VuGen.Replay","Offset":913073,"Length":86,"TypeId":3},{"CategoryName":"VuGen.Replay","Offset":913230,"Length":95,"TypeId":2},{"CategoryName":"VuGen.Replay","Offset":913325,"Length":95,"TypeId":2},{"CategoryName":"VuGen.Replay","Offset":919863,"Length":58,"TypeId":5},{"CategoryName":"VuGen.Replay","Offset":920062,"Length":77,"TypeId":2},{"CategoryName":"VuGen.Replay","Offset":920209,"Length":144,"TypeId":3},{"CategoryName":"VuGen.Replay","Offset":922473,"Length":89,"TypeId":3},{"CategoryName":"VuGen.Replay","Offset":922640,"Length":95,"TypeId":2},{"CategoryName":"VuGen.Replay","Offset":922735,"Length":95,"TypeId":2},{"CategoryName":"VuGen.Replay","Offset":922830,"Length":85,"TypeId":2},{"CategoryName":"VuGen.Replay","Offset":922915,"Length":83,"TypeId":6},{"CategoryName":"VuGen.Replay","Offset":922998,"Length":94,"TypeId":2},{"CategoryName":"VuGen.Replay","Offset":923092,"Length":84,"TypeId":2},{"CategoryName":"VuGen.Replay","Offset":923176,"Length":82,"TypeId":2},{"CategoryName":"VuGen.Replay","Offset":929715,"Length":58,"TypeId":5},{"CategoryName":"VuGen.Replay","Offset":929921,"Length":77,"TypeId":2},{"CategoryName":"VuGen.Replay","Offset":930071,"Length":147,"TypeId":3},{"CategoryName":"VuGen.Replay","Offset":930633,"Length":85,"TypeId":2},{"CategoryName":"VuGen.Replay","Offset":930939,"Length":87,"TypeId":3},{"CategoryName":"VuGen.Replay","Offset":931098,"Length":95,"TypeId":2},{"CategoryName":"VuGen.Replay","Offset":931193,"Length":95,"TypeId":2},{"CategoryName":"VuGen.Replay","Offset":940123,"Length":54,"TypeId":5},{"CategoryName":"VuGen.Replay","Offset":940276,"Length":58,"TypeId":5},{"CategoryName":"VuGen.Replay","Offset":940476,"Length":77,"TypeId":2},{"CategoryName":"VuGen.Replay","Offset":940624,"Length":145,"TypeId":3},{"CategoryName":"VuGen.Replay","Offset":940906,"Length":89,"TypeId":3},{"CategoryName":"VuGen.Replay","Offset":941059,"Length":95,"TypeId":2},{"CategoryName":"VuGen.Replay","Offset":941154,"Length":73,"TypeId":2},{"CategoryName":"VuGen.Replay","Offset":941227,"Length":95,"TypeId":2},{"CategoryName":"VuGen.Replay","Offset":951773,"Length":58,"TypeId":5},{"CategoryName":"VuGen.Replay","Offset":951965,"Length":77,"TypeId":2},{"CategoryName":"VuGen.Replay","Offset":952115,"Length":147,"TypeId":3},{"CategoryName":"VuGen.Replay","Offset":952262,"Length":86,"TypeId":3},{"CategoryName":"VuGen.Replay","Offset":952412,"Length":95,"TypeId":2},{"CategoryName":"VuGen.Replay","Offset":952507,"Length":95,"TypeId":2},{"CategoryName":"VuGen.Replay","Offset":959111,"Length":144,"TypeId":3},{"CategoryName":"VuGen.Replay","Offset":959278,"Length":21,"TypeId":1},{"CategoryName":"VuGen.Replay","Offset":959299,"Length":23,"TypeId":1},{"CategoryName":"VuGen.Replay","Offset":959322,"Length":60,"TypeId":6},{"CategoryName":"VuGen.Replay","Offset":959382,"Length":94,"TypeId":6},{"CategoryName":"VuGen.Replay","Offset":959476,"Length":62,"TypeId":6},{"CategoryName":"VuGen.Replay","Offset":959538,"Length":96,"TypeId":6},{"CategoryName":"VuGen.Replay","Offset":959634,"Length":70,"TypeId":6},{"CategoryName":"VuGen.Replay","Offset":959704,"Length":104,"TypeId":6},{"CategoryName":"VuGen.Replay","Offset":959808,"Length":72,"TypeId":6},{"CategoryName":"VuGen.Replay","Offset":959880,"Length":106,"TypeId":6},{"CategoryName":"VuGen.Replay","Offset":959986,"Length":72,"TypeId":6},{"CategoryName":"VuGen.Replay","Offset":960058,"Length":106,"TypeId":6},{"CategoryName":"VuGen.Replay","Offset":960164,"Length":70,"TypeId":6},{"CategoryName":"VuGen.Replay","Offset":960234,"Length":104,"TypeId":6},{"CategoryName":"VuGen.Replay","Offset":960338,"Length":68,"TypeId":6},{"CategoryName":"VuGen.Replay","Offset":960406,"Length":102,"TypeId":6},{"CategoryName":"VuGen.Replay","Offset":961769,"Length":85,"TypeId":3},{"CategoryName":"VuGen.Replay","Offset":961921,"Length":94,"TypeId":2},{"CategoryName":"VuGen.Replay","Offset":968713,"Length":57,"TypeId":5},{"CategoryName":"VuGen.Replay","Offset":969572,"Length":94,"TypeId":2},{"CategoryName":"VuGen.Replay","Offset":969666,"Length":94,"TypeId":2},{"CategoryName":"VuGen.Replay","Offset":970249,"Length":94,"TypeId":2},{"CategoryName":"VuGen.Replay","Offset":970343,"Length":94,"TypeId":2},{"CategoryName":"VuGen.Replay","Offset":970925,"Length":94,"TypeId":2},{"CategoryName":"VuGen.Replay","Offset":971019,"Length":94,"TypeId":2},{"CategoryName":"VuGen.Replay","Offset":1296775,"Length":77,"TypeId":2},{"CategoryName":"VuGen.Replay","Offset":1296922,"Length":144,"TypeId":3},{"CategoryName":"VuGen.Replay","Offset":1297857,"Length":85,"TypeId":3},{"CategoryName":"VuGen.Replay","Offset":1298018,"Length":95,"TypeId":2},{"CategoryName":"VuGen.Replay","Offset":1298113,"Length":95,"TypeId":2},{"CategoryName":"VuGen.Replay","Offset":1298208,"Length":90,"TypeId":2},{"CategoryName":"VuGen.Replay","Offset":1298298,"Length":85,"TypeId":2},{"CategoryName":"VuGen.Replay","Offset":1305109,"Length":58,"TypeId":5},{"CategoryName":"VuGen.Replay","Offset":1305851,"Length":95,"TypeId":2},{"CategoryName":"VuGen.Replay","Offset":1305946,"Length":95,"TypeId":2},{"CategoryName":"VuGen.Replay","Offset":1306526,"Length":95,"TypeId":2},{"CategoryName":"VuGen.Replay","Offset":1306621,"Length":95,"TypeId":2},{"CategoryName":"VuGen.Replay","Offset":1392936,"Length":77,"TypeId":2},{"CategoryName":"VuGen.Replay","Offset":1393082,"Length":144,"TypeId":3},{"CategoryName":"VuGen.Replay","Offset":1393693,"Length":86,"TypeId":3},{"CategoryName":"VuGen.Replay","Offset":1393850,"Length":95,"TypeId":2},{"CategoryName":"VuGen.Replay","Offset":1393945,"Length":95,"TypeId":2},{"CategoryName":"VuGen.Replay","Offset":1400483,"Length":58,"TypeId":5},{"CategoryName":"VuGen.Replay","Offset":1400682,"Length":77,"TypeId":2},{"CategoryName":"VuGen.Replay","Offset":1400829,"Length":144,"TypeId":3},{"CategoryName":"VuGen.Replay","Offset":1403093,"Length":89,"TypeId":3},{"CategoryName":"VuGen.Replay","Offset":1403260,"Length":95,"TypeId":2},{"CategoryName":"VuGen.Replay","Offset":1403355,"Length":95,"TypeId":2},{"CategoryName":"VuGen.Replay","Offset":1403450,"Length":85,"TypeId":2},{"CategoryName":"VuGen.Replay","Offset":1403535,"Length":83,"TypeId":6},{"CategoryName":"VuGen.Replay","Offset":1403618,"Length":94,"TypeId":2},{"CategoryName":"VuGen.Replay","Offset":1403712,"Length":84,"TypeId":2},{"CategoryName":"VuGen.Replay","Offset":1403796,"Length":82,"TypeId":2},{"CategoryName":"VuGen.Replay","Offset":1410470,"Length":58,"TypeId":5},{"CategoryName":"VuGen.Replay","Offset":1410676,"Length":77,"TypeId":2},{"CategoryName":"VuGen.Replay","Offset":1410826,"Length":147,"TypeId":3},{"CategoryName":"VuGen.Replay","Offset":1411388,"Length":85,"TypeId":2},{"CategoryName":"VuGen.Replay","Offset":1411694,"Length":87,"TypeId":3},{"CategoryName":"VuGen.Replay","Offset":1411853,"Length":95,"TypeId":2},{"CategoryName":"VuGen.Replay","Offset":1411948,"Length":95,"TypeId":2},{"CategoryName":"VuGen.Replay","Offset":1421012,"Length":54,"TypeId":5},{"CategoryName":"VuGen.Replay","Offset":1421165,"Length":58,"TypeId":5},{"CategoryName":"VuGen.Replay","Offset":1421365,"Length":77,"TypeId":2},{"CategoryName":"VuGen.Replay","Offset":1421513,"Length":145,"TypeId":3},{"CategoryName":"VuGen.Replay","Offset":1421795,"Length":89,"TypeId":3},{"CategoryName":"VuGen.Replay","Offset":1421948,"Length":95,"TypeId":2},{"CategoryName":"VuGen.Replay","Offset":1422043,"Length":73,"TypeId":2},{"CategoryName":"VuGen.Replay","Offset":1422116,"Length":95,"TypeId":2},{"CategoryName":"VuGen.Replay","Offset":1432662,"Length":58,"TypeId":5},{"CategoryName":"VuGen.Replay","Offset":1432854,"Length":77,"TypeId":2},{"CategoryName":"VuGen.Replay","Offset":1433004,"Length":147,"TypeId":3},{"CategoryName":"VuGen.Replay","Offset":1433151,"Length":86,"TypeId":3},{"CategoryName":"VuGen.Replay","Offset":1433301,"Length":95,"TypeId":2},{"CategoryName":"VuGen.Replay","Offset":1433396,"Length":95,"TypeId":2},{"CategoryName":"VuGen.Replay","Offset":1440000,"Length":144,"TypeId":3},{"CategoryName":"VuGen.Replay","Offset":1440167,"Length":21,"TypeId":1},{"CategoryName":"VuGen.Replay","Offset":1440188,"Length":23,"TypeId":1},{"CategoryName":"VuGen.Replay","Offset":1440211,"Length":60,"TypeId":6},{"CategoryName":"VuGen.Replay","Offset":1440271,"Length":94,"TypeId":6},{"CategoryName":"VuGen.Replay","Offset":1440365,"Length":62,"TypeId":6},{"CategoryName":"VuGen.Replay","Offset":1440427,"Length":96,"TypeId":6},{"CategoryName":"VuGen.Replay","Offset":1440523,"Length":70,"TypeId":6},{"CategoryName":"VuGen.Replay","Offset":1440593,"Length":104,"TypeId":6},{"CategoryName":"VuGen.Replay","Offset":1440697,"Length":72,"TypeId":6},{"CategoryName":"VuGen.Replay","Offset":1440769,"Length":106,"TypeId":6},{"CategoryName":"VuGen.Replay","Offset":1440875,"Length":72,"TypeId":6},{"CategoryName":"VuGen.Replay","Offset":1440947,"Length":106,"TypeId":6},{"CategoryName":"VuGen.Replay","Offset":1441053,"Length":70,"TypeId":6},{"CategoryName":"VuGen.Replay","Offset":1441123,"Length":104,"TypeId":6},{"CategoryName":"VuGen.Replay","Offset":1441227,"Length":68,"TypeId":6},{"CategoryName":"VuGen.Replay","Offset":1441295,"Length":102,"TypeId":6},{"CategoryName":"VuGen.Replay","Offset":1442658,"Length":85,"TypeId":3},{"CategoryName":"VuGen.Replay","Offset":1442810,"Length":94,"TypeId":2},{"CategoryName":"VuGen.Replay","Offset":1449602,"Length":57,"TypeId":5},{"CategoryName":"VuGen.Replay","Offset":1450461,"Length":94,"TypeId":2},{"CategoryName":"VuGen.Replay","Offset":1450555,"Length":94,"TypeId":2},{"CategoryName":"VuGen.Replay","Offset":1451138,"Length":94,"TypeId":2},{"CategoryName":"VuGen.Replay","Offset":1451232,"Length":94,"TypeId":2},{"CategoryName":"VuGen.Replay","Offset":1451814,"Length":94,"TypeId":2},{"CategoryName":"VuGen.Replay","Offset":1451908,"Length":94,"TypeId":2},{"CategoryName":"VuGen.Replay","Offset":1777313,"Length":77,"TypeId":2},{"CategoryName":"VuGen.Replay","Offset":1777460,"Length":144,"TypeId":3},{"CategoryName":"VuGen.Replay","Offset":1778395,"Length":85,"TypeId":3},{"CategoryName":"VuGen.Replay","Offset":1778556,"Length":95,"TypeId":2},{"CategoryName":"VuGen.Replay","Offset":1778651,"Length":95,"TypeId":2},{"CategoryName":"VuGen.Replay","Offset":1778746,"Length":90,"TypeId":2},{"CategoryName":"VuGen.Replay","Offset":1778836,"Length":85,"TypeId":2},{"CategoryName":"VuGen.Replay","Offset":1785795,"Length":58,"TypeId":5},{"CategoryName":"VuGen.Replay","Offset":1786538,"Length":95,"TypeId":2},{"CategoryName":"VuGen.Replay","Offset":1786633,"Length":95,"TypeId":2},{"CategoryName":"VuGen.Replay","Offset":1787213,"Length":95,"TypeId":2},{"CategoryName":"VuGen.Replay","Offset":1787308,"Length":95,"TypeId":2},{"CategoryName":"VuGen.Replay","Offset":1873623,"Length":77,"TypeId":2},{"CategoryName":"VuGen.Replay","Offset":1873769,"Length":144,"TypeId":3},{"CategoryName":"VuGen.Replay","Offset":1874380,"Length":86,"TypeId":3},{"CategoryName":"VuGen.Replay","Offset":1874537,"Length":95,"TypeId":2},{"CategoryName":"VuGen.Replay","Offset":1874632,"Length":95,"TypeId":2},{"CategoryName":"VuGen.Replay","Offset":1881321,"Length":58,"TypeId":5},{"CategoryName":"VuGen.Replay","Offset":1881520,"Length":77,"TypeId":2},{"CategoryName":"VuGen.Replay","Offset":1881667,"Length":144,"TypeId":3},{"CategoryName":"VuGen.Replay","Offset":1883931,"Length":89,"TypeId":3},{"CategoryName":"VuGen.Replay","Offset":1884098,"Length":95,"TypeId":2},{"CategoryName":"VuGen.Replay","Offset":1884193,"Length":95,"TypeId":2},{"CategoryName":"VuGen.Replay","Offset":1884288,"Length":85,"TypeId":2},{"CategoryName":"VuGen.Replay","Offset":1884373,"Length":83,"TypeId":6},{"CategoryName":"VuGen.Replay","Offset":1884456,"Length":94,"TypeId":2},{"CategoryName":"VuGen.Replay","Offset":1884550,"Length":84,"TypeId":2},{"CategoryName":"VuGen.Replay","Offset":1884634,"Length":82,"TypeId":2},{"CategoryName":"VuGen.Replay","Offset":1891322,"Length":58,"TypeId":5},{"CategoryName":"VuGen.Replay","Offset":1891528,"Length":77,"TypeId":2},{"CategoryName":"VuGen.Replay","Offset":1891678,"Length":147,"TypeId":3},{"CategoryName":"VuGen.Replay","Offset":1892240,"Length":85,"TypeId":2},{"CategoryName":"VuGen.Replay","Offset":1892546,"Length":87,"TypeId":3},{"CategoryName":"VuGen.Replay","Offset":1892705,"Length":95,"TypeId":2},{"CategoryName":"VuGen.Replay","Offset":1892800,"Length":95,"TypeId":2},{"CategoryName":"VuGen.Replay","Offset":1901880,"Length":54,"TypeId":5},{"CategoryName":"VuGen.Replay","Offset":1902033,"Length":58,"TypeId":5},{"CategoryName":"VuGen.Replay","Offset":1902233,"Length":77,"TypeId":2},{"CategoryName":"VuGen.Replay","Offset":1902381,"Length":145,"TypeId":3},{"CategoryName":"VuGen.Replay","Offset":1902663,"Length":89,"TypeId":3},{"CategoryName":"VuGen.Replay","Offset":1902816,"Length":95,"TypeId":2},{"CategoryName":"VuGen.Replay","Offset":1902911,"Length":73,"TypeId":2},{"CategoryName":"VuGen.Replay","Offset":1902984,"Length":95,"TypeId":2},{"CategoryName":"VuGen.Replay","Offset":1914100,"Length":58,"TypeId":5},{"CategoryName":"VuGen.Replay","Offset":1914292,"Length":77,"TypeId":2},{"CategoryName":"VuGen.Replay","Offset":1914442,"Length":147,"TypeId":3},{"CategoryName":"VuGen.Replay","Offset":1914589,"Length":86,"TypeId":3},{"CategoryName":"VuGen.Replay","Offset":1914739,"Length":95,"TypeId":2},{"CategoryName":"VuGen.Replay","Offset":1914834,"Length":95,"TypeId":2},{"CategoryName":"VuGen.Replay","Offset":1921588,"Length":144,"TypeId":3},{"CategoryName":"VuGen.Replay","Offset":1921755,"Length":21,"TypeId":1},{"CategoryName":"VuGen.Replay","Offset":1921776,"Length":23,"TypeId":1},{"CategoryName":"VuGen.Replay","Offset":1921799,"Length":60,"TypeId":6},{"CategoryName":"VuGen.Replay","Offset":1921859,"Length":94,"TypeId":6},{"CategoryName":"VuGen.Replay","Offset":1921953,"Length":62,"TypeId":6},{"CategoryName":"VuGen.Replay","Offset":1922015,"Length":96,"TypeId":6},{"CategoryName":"VuGen.Replay","Offset":1922111,"Length":70,"TypeId":6},{"CategoryName":"VuGen.Replay","Offset":1922181,"Length":104,"TypeId":6},{"CategoryName":"VuGen.Replay","Offset":1922285,"Length":72,"TypeId":6},{"CategoryName":"VuGen.Replay","Offset":1922357,"Length":106,"TypeId":6},{"CategoryName":"VuGen.Replay","Offset":1922463,"Length":72,"TypeId":6},{"CategoryName":"VuGen.Replay","Offset":1922535,"Length":106,"TypeId":6},{"CategoryName":"VuGen.Replay","Offset":1922641,"Length":70,"TypeId":6},{"CategoryName":"VuGen.Replay","Offset":1922711,"Length":104,"TypeId":6},{"CategoryName":"VuGen.Replay","Offset":1922815,"Length":68,"TypeId":6},{"CategoryName":"VuGen.Replay","Offset":1922883,"Length":102,"TypeId":6},{"CategoryName":"VuGen.Replay","Offset":1924246,"Length":85,"TypeId":3},{"CategoryName":"VuGen.Replay","Offset":1924398,"Length":94,"TypeId":2},{"CategoryName":"VuGen.Replay","Offset":1931190,"Length":57,"TypeId":5},{"CategoryName":"VuGen.Replay","Offset":1932049,"Length":94,"TypeId":2},{"CategoryName":"VuGen.Replay","Offset":1932143,"Length":94,"TypeId":2},{"CategoryName":"VuGen.Replay","Offset":1932726,"Length":94,"TypeId":2},{"CategoryName":"VuGen.Replay","Offset":1932820,"Length":94,"TypeId":2},{"CategoryName":"VuGen.Replay","Offset":1933402,"Length":94,"TypeId":2},{"CategoryName":"VuGen.Replay","Offset":1933496,"Length":94,"TypeId":2},{"CategoryName":"VuGen.Replay","Offset":2258901,"Length":77,"TypeId":2},{"CategoryName":"VuGen.Replay","Offset":2259048,"Length":144,"TypeId":3},{"CategoryName":"VuGen.Replay","Offset":2259983,"Length":85,"TypeId":3},{"CategoryName":"VuGen.Replay","Offset":2260144,"Length":95,"TypeId":2},{"CategoryName":"VuGen.Replay","Offset":2260239,"Length":95,"TypeId":2},{"CategoryName":"VuGen.Replay","Offset":2260334,"Length":90,"TypeId":2},{"CategoryName":"VuGen.Replay","Offset":2260424,"Length":85,"TypeId":2},{"CategoryName":"VuGen.Replay","Offset":2267383,"Length":58,"TypeId":5},{"CategoryName":"VuGen.Replay","Offset":2268126,"Length":95,"TypeId":2},{"CategoryName":"VuGen.Replay","Offset":2268221,"Length":95,"TypeId":2},{"CategoryName":"VuGen.Replay","Offset":2268801,"Length":95,"TypeId":2},{"CategoryName":"VuGen.Replay","Offset":2268896,"Length":95,"TypeId":2},{"CategoryName":"VuGen.Replay","Offset":2355211,"Length":77,"TypeId":2},{"CategoryName":"VuGen.Replay","Offset":2355357,"Length":144,"TypeId":3},{"CategoryName":"VuGen.Replay","Offset":2355968,"Length":86,"TypeId":3},{"CategoryName":"VuGen.Replay","Offset":2356125,"Length":95,"TypeId":2},{"CategoryName":"VuGen.Replay","Offset":2356220,"Length":95,"TypeId":2},{"CategoryName":"VuGen.Replay","Offset":2362909,"Length":58,"TypeId":5},{"CategoryName":"VuGen.Replay","Offset":2363108,"Length":77,"TypeId":2},{"CategoryName":"VuGen.Replay","Offset":2363255,"Length":144,"TypeId":3},{"CategoryName":"VuGen.Replay","Offset":2365519,"Length":89,"TypeId":3},{"CategoryName":"VuGen.Replay","Offset":2365686,"Length":95,"TypeId":2},{"CategoryName":"VuGen.Replay","Offset":2365781,"Length":95,"TypeId":2},{"CategoryName":"VuGen.Replay","Offset":2365876,"Length":85,"TypeId":2},{"CategoryName":"VuGen.Replay","Offset":2365961,"Length":83,"TypeId":6},{"CategoryName":"VuGen.Replay","Offset":2366044,"Length":94,"TypeId":2},{"CategoryName":"VuGen.Replay","Offset":2366138,"Length":84,"TypeId":2},{"CategoryName":"VuGen.Replay","Offset":2366222,"Length":82,"TypeId":2},{"CategoryName":"VuGen.Replay","Offset":2372910,"Length":58,"TypeId":5},{"CategoryName":"VuGen.Replay","Offset":2373116,"Length":77,"TypeId":2},{"CategoryName":"VuGen.Replay","Offset":2373266,"Length":147,"TypeId":3},{"CategoryName":"VuGen.Replay","Offset":2373828,"Length":85,"TypeId":2},{"CategoryName":"VuGen.Replay","Offset":2374134,"Length":87,"TypeId":3},{"CategoryName":"VuGen.Replay","Offset":2374293,"Length":95,"TypeId":2},{"CategoryName":"VuGen.Replay","Offset":2374388,"Length":95,"TypeId":2},{"CategoryName":"VuGen.Replay","Offset":2383468,"Length":54,"TypeId":5},{"CategoryName":"VuGen.Replay","Offset":2383621,"Length":58,"TypeId":5},{"CategoryName":"VuGen.Replay","Offset":2383821,"Length":77,"TypeId":2},{"CategoryName":"VuGen.Replay","Offset":2383969,"Length":145,"TypeId":3},{"CategoryName":"VuGen.Replay","Offset":2384251,"Length":89,"TypeId":3},{"CategoryName":"VuGen.Replay","Offset":2384404,"Length":95,"TypeId":2},{"CategoryName":"VuGen.Replay","Offset":2384499,"Length":73,"TypeId":2},{"CategoryName":"VuGen.Replay","Offset":2384572,"Length":95,"TypeId":2},{"CategoryName":"VuGen.Replay","Offset":2395419,"Length":58,"TypeId":5},{"CategoryName":"VuGen.Replay","Offset":2395611,"Length":77,"TypeId":2},{"CategoryName":"VuGen.Replay","Offset":2395761,"Length":147,"TypeId":3},{"CategoryName":"VuGen.Replay","Offset":2395908,"Length":86,"TypeId":3},{"CategoryName":"VuGen.Replay","Offset":2396058,"Length":95,"TypeId":2},{"CategoryName":"VuGen.Replay","Offset":2396153,"Length":95,"TypeId":2},{"CategoryName":"VuGen.Replay","Offset":2402907,"Length":144,"TypeId":3},{"CategoryName":"VuGen.Replay","Offset":2403074,"Length":21,"TypeId":1}],"MetadataTypes":[{"CategoryName":"VuGen.Replay","MetadataTypeName":"HP.LR.Vugen.Iteration","Id":1},{"CategoryName":"VuGen.Replay","MetadataTypeName":"HP.LR.Vugen.NotifyParameterSubstitution","Id":2},{"CategoryName":"VuGen.Replay","MetadataTypeName":"HP.LR.Vugen.NotifyTransaction","Id":3},{"CategoryName":"VuGen.Replay","MetadataTypeName":"Utt.Debugger.Error","Id":4},{"CategoryName":"VuGen.Replay","MetadataTypeName":"HP.LR.Vugen.NotifySavingParameter","Id":5},{"CategoryName":"VuGen.Replay","MetadataTypeName":"HP.LR.Vugen.NotifyAny","Id":6}]}