<?xml version="1.0" encoding="utf-8"?>
<VugenScriptMetadata>
  <ScriptName>Elibrary_SC02_AddLib_Delete</ScriptName>
  <Protocol>Web - HTTP/HTML</Protocol>
  <ActionFiles>
    <FileEntry Name="vuser_init.c" Filter="2" />
    <FileEntry Name="Action.c" Filter="2" />
    <FileEntry Name="vuser_end.c" Filter="2" />
  </ActionFiles>
  <GeneralFiles>
    <FileEntry Name="Elibrary_SC02_AddLib_Delete.usr" Filter="4" />
    <FileEntry Name="default.cfg" Filter="4" />
    <FileEntry Name="default.usp" Filter="4" />
    <FileEntry Name="Elibrary_SC02_AddLib_Delete.prm" Filter="2" />
    <FileEntry Name="globals.h" Filter="2" />
    <FileEntry Name="p_mobnumber.dat" Filter="2" />
    <FileEntry Name="P_EMAILID.dat" Filter="2" />
    <FileEntry Name="P_NAME.dat" Filter="2" />
    <FileEntry Name="p_addlibpwd.dat" Filter="2" />
    <FileEntry Name="p_url.dat" Filter="2" />
    <FileEntry Name="p_password.dat" Filter="2" />
    <FileEntry Name="p_username.dat" Filter="2" />
    <FileEntry Name="combined_Elibrary_SC02_AddLib_Delete.c" Filter="2" />
    <FileEntry Name="pre_cci.c" Filter="2" />
    <FileEntry Name="125285844440.idx" Filter="1" />
    <FileEntry Name="132988480440.idx" Filter="1" />
    <FileEntry Name="177407582440.idx" Filter="1" />
    <FileEntry Name="208432254440.idx" Filter="1" />
    <FileEntry Name="20843225444_9H1.887.idx" Filter="1" />
    <FileEntry Name="20843225444_bmZ.925.idx" Filter="1" />
    <FileEntry Name="20843225444_bYU.821.idx" Filter="1" />
    <FileEntry Name="20843225444_dIq.991.idx" Filter="1" />
    <FileEntry Name="20843225444_G4H.405.idx" Filter="1" />
    <FileEntry Name="20843225444_gzL.593.idx" Filter="1" />
    <FileEntry Name="20843225444_HoQ.3.idx" Filter="1" />
    <FileEntry Name="20843225444_ifi.715.idx" Filter="1" />
    <FileEntry Name="20843225444_Par.517.idx" Filter="1" />
    <FileEntry Name="20843225444_RkW.957.idx" Filter="1" />
    <FileEntry Name="20843225444_sOp.415.idx" Filter="1" />
    <FileEntry Name="20843225444_Umk.53.idx" Filter="1" />
    <FileEntry Name="20843225444_vM9.379.idx" Filter="1" />
    <FileEntry Name="20843225444_w7X.243.idx" Filter="1" />
    <FileEntry Name="20843225444_XRt.939.idx" Filter="1" />
    <FileEntry Name="20843225444_yaM.277.idx" Filter="1" />
    <FileEntry Name="229573721440.idx" Filter="1" />
    <FileEntry Name="22957372144_0xY.940.idx" Filter="1" />
    <FileEntry Name="22957372144_amG.518.idx" Filter="1" />
    <FileEntry Name="22957372144_gh8.594.idx" Filter="1" />
    <FileEntry Name="22957372144_Id6.4.idx" Filter="1" />
    <FileEntry Name="22957372144_k61.416.idx" Filter="1" />
    <FileEntry Name="22957372144_Lqv.406.idx" Filter="1" />
    <FileEntry Name="22957372144_mWI.958.idx" Filter="1" />
    <FileEntry Name="22957372144_ndy.244.idx" Filter="1" />
    <FileEntry Name="22957372144_pbG.716.idx" Filter="1" />
    <FileEntry Name="22957372144_PMe.380.idx" Filter="1" />
    <FileEntry Name="22957372144_pnO.992.idx" Filter="1" />
    <FileEntry Name="22957372144_xhV.278.idx" Filter="1" />
    <FileEntry Name="22957372144_xpy.822.idx" Filter="1" />
    <FileEntry Name="22957372144_yja.926.idx" Filter="1" />
    <FileEntry Name="239422062440.idx" Filter="1" />
    <FileEntry Name="23942206244_2Of.959.idx" Filter="1" />
    <FileEntry Name="23942206244_6Dn.889.idx" Filter="1" />
    <FileEntry Name="23942206244_9Bo.977.idx" Filter="1" />
    <FileEntry Name="23942206244_Bqb.5.idx" Filter="1" />
    <FileEntry Name="23942206244_DcJ.519.idx" Filter="1" />
    <FileEntry Name="23942206244_FzN.595.idx" Filter="1" />
    <FileEntry Name="23942206244_ihA.279.idx" Filter="1" />
    <FileEntry Name="23942206244_JU2.665.idx" Filter="1" />
    <FileEntry Name="23942206244_SHY.245.idx" Filter="1" />
    <FileEntry Name="23942206244_slL.407.idx" Filter="1" />
    <FileEntry Name="23942206244_TKz.823.idx" Filter="1" />
    <FileEntry Name="23942206244_Tlq.381.idx" Filter="1" />
    <FileEntry Name="23942206244_vLR.993.idx" Filter="1" />
    <FileEntry Name="23942206244_Vs5.669.idx" Filter="1" />
    <FileEntry Name="23942206244_xz9.927.idx" Filter="1" />
    <FileEntry Name="23942206244_Y08.717.idx" Filter="1" />
    <FileEntry Name="23942206244_ZAZ.417.idx" Filter="1" />
    <FileEntry Name="23942206244_ZtL.941.idx" Filter="1" />
    <FileEntry Name="251816237440.idx" Filter="1" />
    <FileEntry Name="35398484440.idx" Filter="1" />
    <FileEntry Name="91092142440.idx" Filter="1" />
    <FileEntry Name="Bookmarks.xml" Filter="1" />
    <FileEntry Name="Breakpoints.xml" Filter="1" />
    <FileEntry Name="CompilerLogMetadata.xml" Filter="1" />
    <FileEntry Name="custom_body_variables.txt" Filter="1" />
    <FileEntry Name="Elibrary_SC02_AddLib_Delete.c.pickle" Filter="1" />
    <FileEntry Name="Elibrary_SC02_AddLib_Delete.ci" Filter="1" />
    <FileEntry Name="Elibrary_SC02_AddLib_Delete.prm.bak" Filter="1" />
    <FileEntry Name="logfile.log" Filter="1" />
    <FileEntry Name="lrw_custom_body.h" Filter="1" />
    <FileEntry Name="mdrv.log" Filter="1" />
    <FileEntry Name="mdrv_cmd.txt" Filter="1" />
    <FileEntry Name="options.txt" Filter="1" />
    <FileEntry Name="output.bak" Filter="1" />
    <FileEntry Name="output.txt" Filter="1" />
    <FileEntry Name="OutputColoringDatabase.json" Filter="1" />
    <FileEntry Name="ReplaySummaryReport.xml" Filter="1" />
    <FileEntry Name="ScriptUploadMetadata.xml" Filter="1" />
    <FileEntry Name="ThumbnailsCache.tmp" Filter="1" />
    <FileEntry Name="TransactionsData.db" Filter="1" />
    <FileEntry Name="UserTasks.xml" Filter="1" />
    <FileEntry Name="data\" Filter="1" />
    <FileEntry Name="result1\" Filter="1" />
  </GeneralFiles>
</VugenScriptMetadata>