{"OutputFileHashSum":"BD2E59FE529507C2E9EEE5B093CE31290BCD33B0EBDDE468E8E9A447FD150E69","Converted":true,"OutputModifyDate":"2020-10-10T05:28:03.5839606Z","Metadatas":[{"CategoryName":"VuGen.Replay","Offset":562,"Length":23,"TypeId":1},{"CategoryName":"VuGen.Replay","Offset":2065,"Length":85,"TypeId":3},{"CategoryName":"VuGen.Replay","Offset":2217,"Length":94,"TypeId":2},{"CategoryName":"VuGen.Replay","Offset":2410,"Length":57,"TypeId":4},{"CategoryName":"VuGen.Replay","Offset":3305,"Length":94,"TypeId":2},{"CategoryName":"VuGen.Replay","Offset":3399,"Length":94,"TypeId":2},{"CategoryName":"VuGen.Replay","Offset":4145,"Length":94,"TypeId":2},{"CategoryName":"VuGen.Replay","Offset":4239,"Length":94,"TypeId":2},{"CategoryName":"VuGen.Replay","Offset":4984,"Length":94,"TypeId":2},{"CategoryName":"VuGen.Replay","Offset":5078,"Length":94,"TypeId":2},{"CategoryName":"VuGen.Replay","Offset":5465,"Length":76,"TypeId":2},{"CategoryName":"VuGen.Replay","Offset":5611,"Length":144,"TypeId":3},{"CategoryName":"VuGen.Replay","Offset":6938,"Length":85,"TypeId":3},{"CategoryName":"VuGen.Replay","Offset":7099,"Length":95,"TypeId":2},{"CategoryName":"VuGen.Replay","Offset":7194,"Length":95,"TypeId":2},{"CategoryName":"VuGen.Replay","Offset":7289,"Length":90,"TypeId":2},{"CategoryName":"VuGen.Replay","Offset":7379,"Length":85,"TypeId":2},{"CategoryName":"VuGen.Replay","Offset":7563,"Length":58,"TypeId":4},{"CategoryName":"VuGen.Replay","Offset":7976,"Length":95,"TypeId":2},{"CategoryName":"VuGen.Replay","Offset":8071,"Length":95,"TypeId":2},{"CategoryName":"VuGen.Replay","Offset":8321,"Length":95,"TypeId":2},{"CategoryName":"VuGen.Replay","Offset":8416,"Length":95,"TypeId":2},{"CategoryName":"VuGen.Replay","Offset":8773,"Length":77,"TypeId":2},{"CategoryName":"VuGen.Replay","Offset":8919,"Length":144,"TypeId":3},{"CategoryName":"VuGen.Replay","Offset":9200,"Length":96,"TypeId":3},{"CategoryName":"VuGen.Replay","Offset":9368,"Length":95,"TypeId":2},{"CategoryName":"VuGen.Replay","Offset":9463,"Length":95,"TypeId":2},{"CategoryName":"VuGen.Replay","Offset":9657,"Length":58,"TypeId":4},{"CategoryName":"VuGen.Replay","Offset":9858,"Length":77,"TypeId":2},{"CategoryName":"VuGen.Replay","Offset":10015,"Length":154,"TypeId":3},{"CategoryName":"VuGen.Replay","Offset":10169,"Length":86,"TypeId":3},{"CategoryName":"VuGen.Replay","Offset":10319,"Length":95,"TypeId":2},{"CategoryName":"VuGen.Replay","Offset":10414,"Length":95,"TypeId":2},{"CategoryName":"VuGen.Replay","Offset":10940,"Length":144,"TypeId":3},{"CategoryName":"VuGen.Replay","Offset":11107,"Length":21,"TypeId":1}],"MetadataTypes":[{"CategoryName":"VuGen.Replay","MetadataTypeName":"HP.LR.Vugen.Iteration","Id":1},{"CategoryName":"VuGen.Replay","MetadataTypeName":"HP.LR.Vugen.NotifyParameterSubstitution","Id":2},{"CategoryName":"VuGen.Replay","MetadataTypeName":"HP.LR.Vugen.NotifyTransaction","Id":3},{"CategoryName":"VuGen.Replay","MetadataTypeName":"HP.LR.Vugen.NotifySavingParameter","Id":4},{"CategoryName":"VuGen.Replay","MetadataTypeName":"HP.LR.Vugen.NotifyAny","Id":5}]}